"Account ID", "Username","First name","Last Name","password","role"
"1","KaiDanda","Kai","Danda","kaidanda","User"
"2","GanyuBest5Star","Ganyu","My Beloved","123","Admin"
"3","Dr Strange","Strange","Guy","123","User"
"4","Bato","Ronald","Dela Rosa","PusongBato","User"
"5","SmoothCriminal","Michael","Jackson","HIHI","User"
"6","LibrunJims","Lebron","James","youaremysunshine","User"
"7","Lame_Guy","Kazuha","Kinoshita","lameguy","User"
"8","mikudayoo","Hatsune","Miku","mikumikubeam","User"
"9","ThisGuyNukedMyTown","nameTooLong","Gandhi","spamNukes123","User"
"10","Father of Medicine","Hippocrates","Asclepiades","hilotlangyan","User"
